<?xml version="1.0" encoding="UTF-8"?>
<!DOCTYPE generatorConfiguration PUBLIC "-//mybatis.org//DTD MyBatis Generator Configuration 1.0//EN"
        "http://mybatis.org/dtd/mybatis-generator-config_1_0.dtd">
<generatorConfiguration>


    <context id="baseset" targetRuntime="MyBatis3Simple" defaultModelType="flat">

        <!-- 根据Mapper生成实体类,xml文件 -->
        <plugin type="tk.mybatis.mapper.generator.MapperPlugin">
            <property name="mappers" value="com.crazymakercircle.mybatis.utility.MyMapper"/>
        </plugin>

        <!-- 连接字符串 -->
        <jdbcConnection driverClass="com.mysql.jdbc.Driver"
                        connectionURL="jdbc:mysql://localhost:3306/crazychatter"
                        userId="root"
                        password="123456">
        </jdbcConnection>

        <!-- 指定生成“entity实体类、mybatis映射xml文件、mapper接口”的具体位置 -->
        <javaModelGenerator targetPackage="com.crazymakercircle.mybatis.entity" targetProject="src/main/java">
            <property name="enableSubPackages" value="true"/>
            <property name="trimStrings" value="true"/>
        </javaModelGenerator>

        <sqlMapGenerator targetPackage="mapper" targetProject="src/main/resources">
            <property name="enableSubPackages" value="true"/>
        </sqlMapGenerator>

        <javaClientGenerator targetPackage="com.crazymakercircle.mybatis.mapper" targetProject="src/main/java"
                             type="XMLMAPPER">
            <property name="enableSubPackages" value="true"/>
        </javaClientGenerator>


        <!-- 具体要生成的表，如果有多个表，复制这一段，改下表名即可 -->
        <table tableName="user" domainObjectName="User"
               enableCountByExample="false"
               enableUpdateByExample="false"
               enableDeleteByExample="false"
               enableSelectByExample="false"
               selectByExampleQueryId="false">
            <generatedKey column="user_id" sqlStatement="Mysql" identity="true"/>
        </table>
    </context>
</generatorConfiguration>