<?xml version="1.0" encoding="UTF-8"?>
<beans xmlns="http://www.springframework.org/schema/beans"
       xmlns:xsi="http://www.w3.org/2001/XMLSchema-instance"
       xmlns:context="http://www.springframework.org/schema/context"
       xsi:schemaLocation="http://www.springframework.org/schema/beans
    http://www.springframework.org/schema/beans/spring-beans-4.3.xsd
    http://www.springframework.org/schema/context
    http://www.springframework.org/schema/context/spring-context-4.3.xsd"
       default-lazy-init="false">

    <!-- 加载配置文件 -->
    <context:property-placeholder location="classpath:redis.properties"/>
    <!-- redis数据源 -->
    <bean id="poolConfig" class="redis.clients.jedis.JedisPoolConfig">
        <!-- 最大空闲数 -->
        <property name="maxIdle" value="${redis.maxIdle}"/>
        <!-- 最大空连接数 -->
        <property name="maxTotal" value="${redis.maxTotal}"/>
        <!-- 最大等待时间 -->
        <property name="maxWaitMillis" value="${redis.maxWaitMillis}"/>
        <!-- 连接超时时是否阻塞，false时报异常,ture阻塞直到超时, 默认true -->
        <property name="blockWhenExhausted" value="${redis.blockWhenExhausted}"/>
        <!-- 返回连接时，检测连接是否成功 -->
        <property name="testOnBorrow" value="${redis.testOnBorrow}"/>
    </bean>

    <!-- Spring-redis连接池管理工厂 -->
    <bean id="jedisConnectionFactory" class="org.springframework.data.redis.connection.jedis.JedisConnectionFactory">
        <!-- IP地址 -->
        <property name="hostName" value="${redis.host}"/>
        <!-- 端口号 -->
        <property name="port" value="${redis.port}"/>

        <!-- 超时时间 默认2000-->
        <property name="timeout" value="${redis.timeout}"/>
        <!-- 连接池配置引用 -->
        <property name="poolConfig" ref="poolConfig"/>
        <!-- usePool：是否使用连接池 -->
        <property name="usePool" value="true"/>
    </bean>

    <!-- redis template definition -->
    <bean id="redisTemplate" class="org.springframework.data.redis.core.RedisTemplate">
        <property name="connectionFactory" ref="jedisConnectionFactory"/>
        <property name="keySerializer">
            <bean class="org.springframework.data.redis.serializer.StringRedisSerializer"/>
        </property>
        <property name="valueSerializer">
            <bean class="org.springframework.data.redis.serializer.JdkSerializationRedisSerializer"/>
        </property>
        <property name="hashKeySerializer">
            <bean class="org.springframework.data.redis.serializer.StringRedisSerializer"/>
        </property>
        <property name="hashValueSerializer">
            <bean class="org.springframework.data.redis.serializer.JdkSerializationRedisSerializer"/>
        </property>
        <!--开启事务  -->
        <property name="enableTransactionSupport" value="true"></property>
    </bean>
    <!-- 配置RedisCacheManager -->
    <bean id="redisCacheManager" class="org.springframework.data.redis.cache.RedisCacheManager">
        <constructor-arg name="redisOperations" ref="redisTemplate"/>
        <property name="defaultExpiration" value="${redis.expiration}"/>
    </bean>

    <!-- 配置RedisCacheConfig -->
    <bean id="redisCacheConfig" class="com.crazymakercircle.config.RedisCacheConfig">
        <constructor-arg ref="jedisConnectionFactory"/>
        <constructor-arg ref="redisTemplate"/>
        <constructor-arg ref="redisCacheManager"/>
    </bean>

</beans>