<?xml version="1.0" encoding="UTF-8"?>
<configuration>

    <!-- 彩色日志依赖的渲染类 -->
    <conversionRule conversionWord="clr" converterClass="org.springframework.boot.logging.logback.ColorConverter" />
    <conversionRule conversionWord="wex" converterClass="org.springframework.boot.logging.logback.WhitespaceThrowableProxyConverter" />
    <conversionRule conversionWord="wEx" converterClass="org.springframework.boot.logging.logback.ExtendedWhitespaceThrowableProxyConverter" />
    <!-- 彩色日志格式 -->
    <property name="CONSOLE_LOG_PATTERN"
              value="${CONSOLE_LOG_PATTERN:-%clr(%d{yyyy-MM-dd HH:mm:ss.SSS}){faint} %clr(${LOG_LEVEL_PATTERN:-%5p}) %clr(${PID:- }){magenta} %clr(---){faint} %clr([%15.15t]){faint} %clr(%-40.40logger{39}){cyan} %clr(LN:%L){faint} %m%n${LOG_EXCEPTION_CONVERSION_WORD:-%wEx}}" />

    <!-- 控制台输出 -->
    <appender name="STDOUT" class="ch.qos.logback.core.ConsoleAppender">
        <encoder class="ch.qos.logback.classic.encoder.PatternLayoutEncoder">
            <pattern>${CONSOLE_LOG_PATTERN}</pattern>
            <charset>utf8</charset>
        </encoder>
    </appender>

    <!-- 按照每天生成日志文件 -->
    <appender name="FILE"  class="ch.qos.logback.core.rolling.RollingFileAppender">
        <file>${LOG_HOME}/output.log</file>
        <rollingPolicy class="ch.qos.logback.core.rolling.TimeBasedRollingPolicy">
            <!--日志文件输出的文件名-->
            <FileNamePattern>${LOG_HOME}/output-%d{yyyy-MM-dd}.log</FileNamePattern>
            <!--日志文件保留天数-->
            <MaxHistory>30</MaxHistory>
        </rollingPolicy>
        <encoder class="ch.qos.logback.classic.encoder.PatternLayoutEncoder">
            <!--格式化输出：%d表示日期，%thread表示线程名，%-5level：级别从左显示5个字符宽度%msg：日志消息，%n是换行符-->
            <pattern>%d{yyyy-MM-dd HH:mm:ss.SSS} [%thread] %-5level %logger{50}:%L - %msg%n</pattern>
        </encoder>
    </appender>

    <!-- show parameters for hibernate sql 专为 Hibernate 定制 -->
    <logger name="org.hibernate.type.descriptor.sql.BasicBinder"  level="WARN" />
    <logger name="org.hibernate.type.descriptor.sql.BasicExtractor"  level="WARN" />
    <logger name="org.hibernate.SQL" level="WARN" />
    <logger name="org.hibernate.engine.QueryParameters" level="DEBUG" />
    <logger name="org.hibernate.engine.query.HQLQueryPlan" level="WARN" />

    <!--myibatis log configure-->
    <logger name="com.apache.ibatis" level="WARN"/>
    <logger name="java.sql.Connection" level="WARN"/>
    <logger name="java.sql.Statement" level="WARN"/>
    <logger name="java.sql.PreparedStatement" level="WARN"/>
    <logger name="org.apache.shiro" level="WARN"/>
    <logger name="springfox.documentation" level="WARN"/>

    <!--<springProfile nickname="dev">-->
    <logger name="com.crazymaker.springcloud.user" level="debug"/>
    <!--<logger nickname="com.crazymaker.springcloud" level="debug" />-->
    <!--</springProfile>-->


    <!-- 日志输出级别  ，注意：如果不写<appender-ref ref="FILE" /> ，将导致springbootadmin找不到文件，无法查看日志 -->
    <root level="INFO">
        <appender-ref ref="STDOUT" />
     </root>


</configuration>